,company,title,summary,salary,state,city,city_lat,city_long,high_salary,is_senior,is_director,is_manager,is_lead,is_junior,is_II,is_III,is_engineer,is_analyst,is_intern,is_bi,city_avg_sal,state_avg_sal
0,Centers for Disease Control and Prevention,Behavioral Scientist,"Whether we are protecting the American people from public health threats, researching emerging diseases, or mobilizing public health programs with our domestic...",85399.0,GA,Atlanta,33.7490987,-84.3901848,0,0,0,0,0,0,0,0,0,0,0,0,85339.8928571,85150.5666667
1,Centers for Disease Control and Prevention,Statistician (Health),"Whether we are protecting the American people from public health threats, researching emerging diseases, or mobilizing public health programs with our domestic...",101553.5,GA,Atlanta,33.7490987,-84.3901848,1,0,0,0,0,0,0,0,0,0,0,0,85339.8928571,85150.5666667
2,Analytic Recruiting,Junior Data Scientist,"Experience with Teradata SQL, MS SQL server Data Visualization (e.g., Tableau or other), Access, Excel, Visual Basic,....",82500.0,GA,Alpharetta,34.0709576,-84.2747328,0,0,0,0,0,1,0,0,0,0,0,0,82500.0,85150.5666667
3,SearchBankingJobs,Lead Quantitative Analyst,"Lead the review and care of relevant model and model validation documentation, complete in depth analysis on large data sets, and formulate analysis and reports...",177500.0,GA,Atlanta,33.7490987,-84.3901848,1,0,0,0,1,0,0,0,0,1,0,0,85339.8928571,85150.5666667
4,Workbridge Associates,Data Scientist,A well-established startup in River North is growing a new analytics team and looking to bring on a Data Scientist. Big Data with Hadoop and Hive....,130000.0,IL,Chicago,41.8755546,-87.6244211,1,0,0,0,0,0,0,0,0,0,0,0,108461.214286,106312.413043
5,Workbridge Associates,Senior Data Scientist,"Statistical modeling, predictive analysis, machine learning, and data mining. Excellent Health, dental and vision benefits to go with a competitive salary among...",130000.0,IL,Chicago,41.8755546,-87.6244211,1,1,0,0,0,0,0,0,0,0,0,0,108461.214286,106312.413043
6,Jobspring Partners,Natural Language Processing Data Scientist,"If you’re experienced with data science, specifically, Python, R, SQL, Natural Language Processing, and ideally have a strong academic background with...",72500.0,IL,Chicago,41.8755546,-87.6244211,0,0,0,0,0,0,0,0,0,0,0,0,108461.214286,106312.413043
7,Dashbot.io,Data Engineer and Scientist,We are looking for a big data engineer and scientist whose role will be discovering insights from a large corpus of conversational data as well building the...,170000.0,CA,San Francisco,37.7792808,-122.4192362,1,0,0,0,0,0,0,0,0,0,0,0,157954.545455,112684.627907
8,Bayone Solutions Inc.,Data Scientist - Recommendation Engine,Position - Data Scientist - Recommendation Engine*. 2+ years experience with Big Data ecosystem:. Work closely with development team to ensure design patterns...,160000.0,CA,San Francisco,37.7792808,-122.4192362,1,0,0,0,0,0,0,0,0,0,0,0,157954.545455,112684.627907
9,MaxMind,Data Scientist,Data mining / machine learning experience. Our Development Practices Our data analytics code is largely written in Perl using PostgreSQL and Linux....,100000.0,MA,Waltham,42.3756401,-71.2358003,1,0,0,0,0,0,0,0,0,0,0,0,100000.0,113908.0
10,Jobspring Partners,Data Scientist,"Experience in Mathematical modeling, Statistics and Machine Learning Techniques. A leading healthcare startup is looking to bring on a Senior Data Scientist to...",115000.0,MA,Boston,42.3604823,-71.0595677,1,0,0,0,0,0,0,0,0,0,0,0,119038.888889,113908.0
11,Strategic Employment Partners,Data Scientist,"Rooted in Downtown Boston for over thirty years, this firm has expanded over the years providing language analytics to ensure the confidence of their clients’...",170000.0,MA,Boston,42.3604823,-71.0595677,1,0,0,0,0,0,0,0,0,0,0,0,119038.888889,113908.0
12,Jobspring Partners,Senior Data Scientist,Senior Data Scientist Job Description. Experience with data analytics. Looking for a Senior Data Scientist willing to pay up to $150K. Health and dental....,150000.0,MA,Boston,42.3604823,-71.0595677,1,1,0,0,0,0,0,0,0,0,0,0,119038.888889,113908.0
13,Oscar Technology,Jr Data Scientist - Healthcare/Insurance,The Data Scientist will be partnering with clients to aid them in using their marketing and customer data to gain deep insights....,110000.0,FL,Jacksonville,30.3321838,-81.6556509,1,0,0,0,0,0,0,0,0,0,0,0,110000.0,62801.8676471
14,PeopleFirst Florida HR,BIOLOGICAL SCIENTIST III-SES,"BIOLOGICAL SCIENTISTS, ALL OTHER. Maintain information in accordance with state and federal statutes, rules, and regulations, as well as Department of Health...",42398.0,FL,Riviera Beach,26.7753405,-80.0580968,0,0,0,0,0,0,1,1,0,0,0,1,42398.0,62801.8676471
15,Daytona State College,Institutional Research Analyst I # 11369,Manage multiple tasks concurrently; This position performs data reporting using report generation tools and techniques....,35700.0,FL,Daytona Beach,29.2108147,-81.022833,0,0,0,0,0,0,0,0,0,1,0,0,35700.0,62801.8676471
16,Valencia College,Institutional Research Analyst SE1221 (Grant,"Experience with data mart and / or data warehouse environments. Develops and / or uses tools for required research, to include survey questionnaires, data...",51599.5,FL,Orlando,28.5421175,-81.3790461,0,0,0,0,0,0,0,0,0,1,0,0,51599.5,62801.8676471
17,University of Miami,Assistant Scientist,"Of Miami Health System, South Florida's only university-based health system,. Ill contribute to basic and applied research activities and may play a lead role,...",75400.0,FL,Coral Gables,25.6905515,-80.2350088798,0,0,0,0,0,0,0,0,0,0,0,0,60100.0,62801.8676471
18,University of South Florida,Biological Scientist,5033 / Biological Scientist. Progressively responsible experience involving scientific laboratory or field work may be substituted for the required college...,34500.0,FL,Tampa,27.9477595,-82.4584439,0,0,0,0,0,0,0,0,0,0,0,0,67250.0,62801.8676471
19,Loss Prevention Research Council,Research Scientist I,"A Research Scientist I will work with research analysts and scientists to develop, refine and evaluate business crime and loss control methods and technologies....",42500.0,FL,Gainesville,29.6519396,-82.324996,0,0,0,0,0,0,0,0,0,0,0,0,75833.3333333,62801.8676471
20,University of Miami,Statistical Programmer,"Conduct routine data checks to ensure data integrity. UHealth-University of Miami Health System, South Florida's only university-based health system, provides...",32900.0,FL,Coral Gables,25.6905515,-80.2350088798,0,0,0,0,0,0,0,0,0,0,0,0,60100.0,62801.8676471
21,Florida Gulf Coast University,"Coordinator, Data Management and Analysis",Ability to perform data collection; Experience using Banner Data Management and Degree Works. Coordinates data reporting activities and exports report access to...,43500.0,FL,Fort Myers,26.640628,-81.8723083,0,0,0,0,0,0,0,0,0,0,0,0,43500.0,62801.8676471
22,SSG LLC,Statistical Data Analyst,Manage dataset creation and data quality control processes for analytics and model development and validation....,100000.0,FL,Clearwater,27.9658533,-82.8001025,1,0,0,0,0,0,0,0,0,1,0,0,87738.0,62801.8676471
23,South Florida Water Management,SR Environmental Scientist,"Quality assurance activities include final approval of laboratory data, acquisition, distribution and reporting of performance evaluation and certification...",59966.0,FL,West Palm Beach,26.7153425,-80.0533745,0,0,0,0,0,0,0,0,0,0,0,0,54690.0,62801.8676471
24,University of Miami,(Temporary) Research Analyst,"UHealth-University of Miami Health System, South Florida's only university-based health system, provides leading-edge patient care powered by the ground...",50375.0,FL,Coral Gables,25.6905515,-80.2350088798,0,0,0,0,0,0,0,0,0,1,0,0,60100.0,62801.8676471
25,The Bachrach Group,Quantitative Financial Analyst,"Work with team to manage and support all phases of financial planning for assigned business lines, including forecasting, reporting and analytics....",80000.0,FL,Miami Lakes,25.91162125,-80.3212747,0,0,0,0,0,0,0,0,0,1,0,0,80000.0,62801.8676471
26,South Florida Water Management,Estuarine/Aquatic Ecologist,"This position plays a critical role in liaising with environmental managers and the wider research community, requiring development of presentations for...",46987.0,FL,West Palm Beach,26.7153425,-80.0533745,0,0,0,0,0,0,0,0,0,0,0,0,54690.0,62801.8676471
27,Tampa Bay Water,Water Quality Scientist,"In the event of a declaration of emergency, any employee may be assigned activities that promote the protection of public health and safety or the preservation...",75476.0,FL,Clearwater,27.9658533,-82.8001025,0,0,0,0,0,0,0,0,0,0,0,0,87738.0,62801.8676471
28,Central Intelligence Agency,Data Scientist,"If you have experience in data analytics, computer science, mathematics, statistics, economics, operations research, computational social science, quantitative...",111319.0,DC,Washington,38.8949549,-77.0366455,1,0,0,0,0,0,0,0,0,0,0,0,108991.8,108991.8
29,Spectrum Careers,Data Scientist,"Your primary focus will be in applying data mining techniques, doing statistical analysis, and building high quality prediction systems integrated with our...",130000.0,DC,Washington,38.8949549,-77.0366455,1,0,0,0,0,0,0,0,0,0,0,0,108991.8,108991.8
30,"Tygart Technology, Inc.",Data Scientist,"Skilled in relational databases, SQL, big data analytics and technologies, to include Hadoop-based data mining frameworks....",140000.0,DC,Washington,38.8949549,-77.0366455,1,0,0,0,0,0,0,0,0,0,0,0,108991.8,108991.8
31,Analytic Recruiting,Data Analyst – Junior Data Scientist,"Knowledge of predictive and prescriptive analytics, data mining and machine learning (Python and R). Experience with Teradata SQL, MS SQL server and Data...",77500.0,DC,Washington,38.8949549,-77.0366455,0,0,0,0,0,1,0,0,0,1,0,0,108991.8,108991.8
32,"ADNET Systems, Inc.",Earth Data Support Scientist - GD100,Experience visualizing scientific data or presentation of data for outreach or to a larger user community. GD100 Earth Data Support Scientist*....,75000.0,MD,Greenbelt,39.0045544,-76.8755281,0,0,0,0,0,0,0,0,0,0,0,0,75000.0,72137.68
33,Federal Bureau of Investigation,Computer Scientist GS 13 (Ext),Computer Scientist GS-13. Act as the liaison between the team writing business requirements and the software development team to ensure that those requirements...,105969.5,DC,Washington,38.8949549,-77.0366455,1,0,0,0,0,0,0,0,0,0,0,0,108991.8,108991.8
34,Analytic Recruiting,Statistician,The Statistician or Biostatistician will lead statistical analysis and R programming to support client engagements....,112500.0,DC,Washington,38.8949549,-77.0366455,1,0,0,0,0,0,0,0,0,0,0,0,108991.8,108991.8
35,Jobspring Partners,Data Scientist,"Experience in Mathematical modeling, Statistics and Machine Learning Techniques. A leading healthcare startup is looking to bring on a Senior Data Scientist to...",157500.0,DC,Washington,38.8949549,-77.0366455,1,0,0,0,0,0,0,0,0,0,0,0,108991.8,108991.8
36,Metropolitan Council,Data Scientist,"Evaluate the work of Associate Data Scientists, Data Scientists, and interns. Lead, guide, and mentor Associate Data Scientists, Data Scientists, and Interns....",82336.5,MN,Minneapolis,44.9772995,-93.2654691,0,0,0,0,0,0,0,0,0,0,0,0,78084.125,79132.9166667
37,University of Minnesota,Clinical Protocol Data Manager (JobID 313790),"Work with staff in prioritizing and ensuring clinical trials have all minimal requirements complete prior to activation, which includes communication and...",50000.0,MN,Minneapolis,44.9772995,-93.2654691,0,0,0,1,0,0,0,0,0,0,0,0,78084.125,79132.9166667
38,University of Minnesota,Senior Laboratory Technician,"And communicates knowledge to health professionals, animal producers, industry, and scientists. Discovers new knowledge about animal and human health and...",37461.0,MN,Minneapolis-Saint Paul,44.87801905,-93.2209279538,0,1,0,0,0,0,0,0,0,0,0,0,37461.0,79132.9166667
39,Search Leaders,Machine Learning Engineer,"The Java & Python engineer is responsible for analyzing diverse sets of imperfect data and finding common patterns, theme and trends by using statistical...",110000.0,MN,Minneapolis,44.9772995,-93.2654691,1,0,0,0,0,0,0,0,0,0,0,0,78084.125,79132.9166667
40,LT,Senior Data Scientist,"Our data team consists of two data analysts and 2 data scientists. This position will be second data scientist at this company, and within the next year you...",180000.0,CA,Los Angeles,34.0543942,-118.2439408,1,1,0,0,0,0,0,0,0,0,0,0,95309.75,112684.627907
41,tronc (formerly Tribune Publishing),Social Media Marketing Data Analyst,Partner with data scientists in the Technology organization on the creation and enhancement of data dashboards....,65000.0,CA,Los Angeles,34.0543942,-118.2439408,0,0,0,0,0,0,0,0,0,1,0,0,95309.75,112684.627907
42,Codesmith,Senior Data Science Engineer and Instructor,"Deep understanding and ability to communicate core Python, Database, Data science, ML, data engineering, Machine Learning and Deep learning concepts....",103000.0,CA,Los Angeles,34.0543942,-118.2439408,1,1,0,0,0,0,0,0,0,0,0,0,95309.75,112684.627907
43,Progressive Business Media (Multi-Media),Media Research Analyst,"PBM seeks a Media Research Analyst for our expanding Market Insights & Research department in NC. Work with clients, publishers and sales executives to identify...",55000.0,NC,Greensboro,36.0726355,-79.7919753,0,0,0,0,0,0,0,0,0,1,0,0,51238.0,82483.1578947
44,Veredus,Data Scientist,"Data Scientist Skills & Requirements:. Analyze data associated with the industry - including transactional data, demographic data and agronomic data – to create...",110000.0,NC,Raleigh,35.7803977,-78.6390988,1,0,0,0,0,0,0,0,0,0,0,0,64129.6666667,82483.1578947
45,All-In Analytics,Senior Machine Learning Data Scientist,"Machine Learning Data Scientist. Proficient in programming languages such as R, SAS, Python, Matlab, SQL etc....",150000.0,NC,Research Triangle Park,35.8970917,-78.8602849,1,1,0,0,0,0,0,0,0,0,0,0,150000.0,82483.1578947
46,UC San Diego,Strategic Research Opportunities Analyst,"Manage scientific reviews and evaluation process for all proposals submitted, including evaluation of scientific merit and interpretation of selection of...",68200.0,CA,San Diego,32.7174209,-117.1627713,0,0,0,0,0,0,0,0,0,1,0,0,73733.3333333,112684.627907
47,Lighthouse Recruiting,LCMS Operator / Certifying Scientist (Days),"Join our Medical Laboratory Scientists Groups:. The Laboratorian features a list of open clinical lab jobs, the latest industry news, salary information,...",60000.0,HI,Honolulu,21.304547,-157.8556763,0,0,0,0,0,0,0,0,0,0,0,0,60000.0,60000.0
48,State of Maryland,RESEARCH STATISTICIAN II,"Ability to analyze data to determine patterns or trends, track and measure program performance. You must upload official college transcripts or fax to DJS -OHR,...",53592.5,MD,Baltimore,39.2908816,-76.6107589,0,0,0,0,0,0,1,0,0,0,0,0,59135.5,72137.68
49,"City of Baltimore, MD",Research Analyst II - Dept. of Public Wo...,"A Research Analyst II organizes and analyzes data of international, national and local intelligence and statistics into actionable data in a City agency....",79050.0,MD,Baltimore,39.2908816,-76.6107589,0,0,0,0,0,0,1,0,0,1,0,0,59135.5,72137.68
50,National Security Agency,Data Scientist,"Designing/implementing machine learning, data mining, advanced analytical algorithms, programming, data science, advanced statistical analysis, artificial...",91581.5,MD,Fort George G Meade,39.10517,-76.7476151975,1,0,0,0,0,0,0,0,0,0,0,0,95092.9,72137.68
51,Johns Hopkins University,Data Scientist,"The Johns Hopkins health system includes six academic and community hospitals, four suburban health care and surgery centers, more than 30 primary health care...",65643.5,MD,Baltimore,39.2908816,-76.6107589,0,0,0,0,0,0,0,0,0,0,0,0,59135.5,72137.68
52,Scienaptic Systems Inc,Data Scientist,"As our representative in front of client, you will have the opportunity to construct and deliver high end analytics solutions delivered from a cutting edge big...",100000.0,NY,New York,40.7305991,-73.9865811,1,0,0,0,0,0,0,0,0,0,0,0,130714.9375,124069.986111
53,Wade & Wendy,Wade & Wendy_Data Scientist/Engineer,"Software Engineering, Python, Data Visualization, Machine Learning, MySQL, Statistics, Optimization, Mathematics, MongoDB, Search, Databases, RESTful Services,...",100000.0,NY,New York,40.7305991,-73.9865811,1,0,0,0,0,0,0,0,0,0,0,0,130714.9375,124069.986111
54,Geode Executive Search,"Data Scientist - Text Analytics - SQL, R, SAS","Data Scientist - Text Analytics - SQL, R, SAS*. The ~600 person company has a relatively new Data Analytics department, which has the responsibility of...",200000.0,NY,New York,40.7305991,-73.9865811,1,0,0,0,0,0,0,0,0,0,0,0,130714.9375,124069.986111
55,University of Texas at Dallas,Research Scientist II,"Plans, coordinates, and supervises assigned research projects, which may be limited as segment of larger project, exercising responsibility for project...",50000.0,TX,Richardson,32.9481789,-96.7297205,0,0,0,0,0,0,1,0,0,0,0,0,50000.0,90560.4210526
56,"NewAgeSys,Inc",Analytical Scientist,"In Pharmaceutical Sciences, Chemical Engineering, or relevant scientific discipline with minimum of 3 yrs of relevant industrial experience in therapeutic...",80000.0,TX,Fort Worth,32.753177,-97.3327458,0,0,0,0,0,0,0,0,0,0,0,0,80000.0,90560.4210526
57,Selby Jennings,Quantitative Analyst - Multiple Vacancies,"A Top Tier Investment Bank is looking for an experienced risk quant to join their Global Analytics team. If you are interested, please apply below with an...",150000.0,TX,Dallas,32.7762719,-96.7968558,1,0,0,0,0,0,0,0,0,1,0,0,112500.0,90560.4210526
58,State of South Carolina,Statistical and Research Analyst II - 61010782/61378,"An Associate Degree in Health Information Management or related certification in ICD-9-CM coding, or associate degree with 3 years of experience or bachelor's...",38460.0,SC,Richland County,38.7060457,-88.0949351,0,0,0,0,0,0,1,0,0,1,0,0,50785.0,69142.5
59,State of South Carolina,Statistician - Time Limited -60015591,"Our Health and Demographics serves as the central setting for the South Carolina Integrated Data System. Through a series of statutes and agreements, agencies...",56947.5,SC,Richland County,38.7060457,-88.0949351,0,0,0,0,0,0,0,0,0,0,0,0,50785.0,69142.5
60,State of South Carolina,Statistician III - 61007667,"Performs data analysis on the various data sets in DADE, including but not limited to the electronic disease surveillance systems, National Healthcare Safety...",56947.5,SC,Richland County,38.7060457,-88.0949351,0,0,0,0,0,0,1,1,0,0,0,0,50785.0,69142.5
61,All-In Analytics,Sr. Machine Learning Risk Statistician,"Analyze data, build non-parametric machine learning models and assess their quality. Mining, cleaning, segmenting, and understanding data....",112500.0,SC,Spartanburg,34.9498007,-81.9320156,1,0,0,0,0,0,0,0,0,0,0,0,90000.0,69142.5
62,All-In Analytics,Machine Learning Risk Statistician (entry level),"Analyze data, build non-parametric machine learning models and assess their quality. Mining, cleaning, segmenting, and understanding data....",67500.0,SC,Spartanburg,34.9498007,-81.9320156,0,0,0,0,0,0,0,0,0,0,0,0,90000.0,69142.5
63,Lighthouse Recruiting,LCMS Technical Supervisor,"Join our Medical Laboratory Scientists Groups:. The Laboratorian features a list of open clinical lab jobs, the latest industry news, salary information,...",82500.0,SC,Myrtle Beach,33.6956461,-78.8900408,0,0,0,0,0,0,0,0,0,0,0,0,82500.0,69142.5
64,Stackfolio,Lead Data Scientist,A competitive full-time salary as well as a great options package that will only be available to this early batch of hires....,80000.0,GA,Atlanta,33.7490987,-84.3901848,0,0,0,0,1,0,0,0,0,0,0,0,85339.8928571,85150.5666667
65,Analytic Recruiting,Data Scientist - Supply Chain,"Supply Chain, SAS, R, Predictive Modeling, Predictive Analytics, SQL. Data Scientist, Supply Chain sought by Fortune 500 company to be part of a leading-edge...",107500.0,GA,Atlanta,33.7490987,-84.3901848,1,0,0,0,0,0,0,0,0,0,0,0,85339.8928571,85150.5666667
66,Smith Hanley Associates,Marketing Statistician,"-Scope projects, extract and transform data using SAS, R and other programming skills. -Post degree business based experience doing data mining and statistical...",87500.0,GA,Atlanta,33.7490987,-84.3901848,0,0,0,0,0,0,0,0,0,0,0,0,85339.8928571,85150.5666667
67,Emory University,Staff Scientist (Goldsmith Lab),"Staff Scientists will have leadership responsibilities, and will oversee quality and training of other team members....",85500.0,GA,Atlanta,33.7490987,-84.3901848,0,0,0,0,0,0,0,0,0,0,0,0,85339.8928571,85150.5666667
68,Analytic Recruiting,Senior Data Scientist,"Senior Data Scientist and Analytics Lead with strong proficiency with Python, R, and SQL and prior experience with statistical modeling, data mining and machine...",112500.0,GA,Atlanta,33.7490987,-84.3901848,1,1,0,0,0,0,0,0,0,0,0,0,85339.8928571,85150.5666667
69,Synergy Search Group,Audit Snr (Banking) - Data Analysis 60K-80K,"Duties will include data conversion from multiple systems into analytical software such as ACL, using data analytical techniques to validate the integrity of...",80000.0,GA,Atlanta,33.7490987,-84.3901848,0,0,0,0,0,0,0,0,0,0,0,0,85339.8928571,85150.5666667
70,CSTE,Associate Research Analyst,"For more than six decades, the Council of State and Territorial Epidemiologists (CSTE) and the Centers for Disease Control and Prevention (CDC) have worked...",51706.0,GA,Atlanta,33.7490987,-84.3901848,0,0,0,0,0,0,0,0,0,1,0,0,85339.8928571,85150.5666667
71,Emory University,Sponsored Research Financial Analyst,"Responsible for post award processing of grants and contracts in the Office of Grants & Contracts. Provide account management, reconciliation, and resolution",66700.0,GA,Atlanta,33.7490987,-84.3901848,0,0,0,0,0,0,0,0,0,1,0,0,85339.8928571,85150.5666667
72,Emory University,"Scientist, Med Imag Analysis","Essential Responsibilities include developing software algorithms and tools for analysis and interpretation of medical image data, developing and implementing...",69900.0,GA,Atlanta,33.7490987,-84.3901848,0,0,0,0,0,0,0,0,0,0,0,0,85339.8928571,85150.5666667
73,Georgia Department of Public Health,Laboratory Aide 3,"Under broad supervision, assists technicians and laboratory scientists with data or specimen collection and laboratory procedures....",24000.0,GA,Atlanta,33.7490987,-84.3901848,0,0,0,0,0,0,0,0,0,0,0,0,85339.8928571,85150.5666667
74,Interesse International Inc,Market Research & Sales Analyst,"Estimate numerical data; Must see through the data and analyze data to find conclusion; Must look at the numbers, trends, and data and come to new conclusions...",65000.0,GA,Atlanta,33.7490987,-84.3901848,0,0,0,0,0,0,0,0,0,1,0,0,85339.8928571,85150.5666667
75,Hirewell,Data Scientist,"You will be addressing challenging data science problems by leveraging techniques in statistics, machine learning or/and data mining....",85000.0,IL,Chicago,41.8755546,-87.6244211,0,0,0,0,0,0,0,0,0,0,0,0,108461.214286,106312.413043
76,Smith Hanley Associates,Statistical Modeler,-Conduct data mining studies. Smith Hanley Associates is the premier recruiting agency serving the analytics and data science space....,82500.0,IL,Chicago,41.8755546,-87.6244211,0,0,0,0,0,0,0,0,0,0,0,0,108461.214286,106312.413043
77,Silva Capital Management,Quantitative Analyst,"R, Python, VBA, Mat lab, C#). In Physics, Engineering, Quantitative Finance or similar. Silva Capital Management is looking for a junior quantitative analyst...",125000.0,IL,Chicago,41.8755546,-87.6244211,1,0,0,0,0,0,0,0,0,1,0,0,108461.214286,106312.413043
78,Washington Frank,"Data Scientist- Machine Learning -- IL $80,000-$200,000+ BON...","Data Scientist- Machine Learning -- IL $80,000-$200,000+ BONUS. The Data Scientist will work with SME from different business units to define and develop...",140000.0,IL,Chicago,41.8755546,-87.6244211,1,0,0,0,0,0,0,0,0,0,0,0,108461.214286,106312.413043
79,Smith Hanley Associates,Statistical Research Scientist,"Provide forecasting of future trends, predictive modeling, sampling, and data estimation. Statistical Research Scientist....",82500.0,IL,Chicago,41.8755546,-87.6244211,0,0,0,0,0,0,0,0,0,0,0,0,108461.214286,106312.413043
80,S.C. International,Statistical Analyst -- Health-7444,"Seeking strong proficiency with SAS, SQL, and/or R. Extremely successful consulting practice has an immediate need for a Statistical Analyst....",80000.0,IL,Chicago,41.8755546,-87.6244211,0,0,0,0,0,0,0,0,0,1,0,0,108461.214286,106312.413043
81,Jobspring Partners,Machine Learning Engineer,This role is ideal for someone who has a strong passion for analytics and has worked with multiple Machine Learning frameworks such as Spark and Scikit-learn....,110000.0,IL,Chicago,41.8755546,-87.6244211,1,0,0,0,0,0,0,0,0,0,0,0,108461.214286,106312.413043
82,Smith Hanley Associates,Statistical Analyst,"Proficiency with R, SQL, Tableau, or similar tools. Smith Hanley Associates is the premier recruiting agency serving the analytics and data science space....",67500.0,IL,Evanston,42.0447388,-87.6930458,0,0,0,0,0,0,0,0,0,1,0,0,67500.0,106312.413043
83,Huxley Banking & Financial Services,Quantitative Risk Analyst,Experience using SQL is a plus. This is an exciting opportunity to work in a fast paced environment with experts in the Financial Industry....,110000.0,IL,Chicago,41.8755546,-87.6244211,1,0,0,0,0,0,0,0,0,1,0,0,108461.214286,106312.413043
84,Selby Jennings,Data Scientist – Big Data/Artificial Intelligence,"5+ years experience using R, SPSS, Python, Matlab or Java for applied techniques in data mining, machine learning or graph mining in the industrial or academic...",150000.0,IL,Chicago,41.8755546,-87.6244211,1,0,0,0,0,0,0,0,0,0,0,0,108461.214286,106312.413043
85,GinasTechJobs.com,Associate Quantitative Research Analyst,"Chicago IL Jobs, Quantitative Research Analyst, Python, SQL, Linux, UNIX, R, MatLab, Financial, Chicago Recruiters, IT Jobs, Chicago Recruiting....",180000.0,IL,Chicago,41.8755546,-87.6244211,1,0,0,0,0,0,0,0,0,1,0,0,108461.214286,106312.413043
86,GinasTechJobs.com,Quantitative Research Analyst,"Chicago IL Jobs, Quantitative Research Analyst, Python, SQL, Linux, UNIX, R, MatLab, Financial, Chicago Recruiters, IT Jobs, Chicago Recruiting....",180000.0,IL,Chicago,41.8755546,-87.6244211,1,0,0,0,0,0,0,0,0,1,0,0,108461.214286,106312.413043
87,Workbridge Associates,Python Software Engineer,Interest in big data pipelines and advanced data analytics. The products you'll build will be utilized by research scientists around the globe to further cancer...,80000.0,IL,Chicago,41.8755546,-87.6244211,0,0,0,0,0,0,0,0,0,0,0,0,108461.214286,106312.413043
88,Jobspring Partners,Senior Data Scientist,Data visualization experience. Experience using demographic data. Experience using SQL. You’d essentially be taking the mass amounts of data that the company...,100000.0,IL,Glenview,42.0700662,-87.8114043,1,1,0,0,0,0,0,0,0,0,0,0,100000.0,106312.413043
89,InsightsNow Inc.,Research Analyst,"Excellent project management skills (Timelines, budgets, project meetings, documentation, metrics). Review all specifications of research projects with project...",50000.0,IL,Chicago,41.8755546,-87.6244211,0,0,0,0,0,0,0,0,0,1,0,0,108461.214286,106312.413043
90,Analytic Recruiting,Manager / Director of Predictive Modeling,"Analytics, SAS, R, SPSS, Marketing Analytics, Modeling, Statistics, Predictive, marketing mix, media mix. Crafting the methodology, to data modeling using tools...",115000.0,IL,Chicago,41.8755546,-87.6244211,1,0,1,1,0,0,0,0,0,0,0,0,108461.214286,106312.413043
91,Jobspring Partners,Academic Python Developer,Work with some of the smartest computer scientists in Chicago for one of the most prestigious non-profit organizations in the Midwest....,87500.0,IL,Chicago,41.8755546,-87.6244211,0,0,0,0,0,0,0,0,0,0,0,0,108461.214286,106312.413043
92,Food Management Search,Food Scientist MS or PhD - Meat Products,"Salary $75 - $95K, Health, 401k matching,. Data, drawing conclusions, documenting,. A technical leadership role providing direction....",85000.0,IL,Chicago,41.8755546,-87.6244211,0,0,0,0,0,0,0,0,0,0,0,0,108461.214286,106312.413043
93,Jobspring Partners,Quality Engineer (Big Data),Brand new product that is used globally by the top scientists and doctors. Health Savings Account. 5 Medical Plans....,87500.0,IL,Chicago,41.8755546,-87.6244211,0,0,0,0,0,0,0,0,0,0,0,0,108461.214286,106312.413043
94,Metropolitan Water Reclamation District of Greater...,Senior Environmental Soil Scientist,"Appointment is subject to successfully passing a physical examination, a drug test, and a criminal history background investigation....",115185.5,IL,Chicago,41.8755546,-87.6244211,1,1,0,0,0,0,0,0,0,0,0,0,108461.214286,106312.413043
95,Workbridge Associates,Data Scientist,They are seeking a Data Scientist to join their team. You will be creating a recommendation system that matches consumer’s best interests and work with heavy...,157500.0,CA,San Francisco,37.7792808,-122.4192362,1,0,0,0,0,0,0,0,0,0,0,0,157954.545455,112684.627907
96,Workbridge Associates,Data Scientist (Human Computation),Statistical modeling and Machine Learning experience. A leading San Francisco consumer web and personalized shopping company is looking to add a Data Scientist...,150000.0,CA,San Francisco,37.7792808,-122.4192362,1,0,0,0,0,0,0,0,0,0,0,0,157954.545455,112684.627907
97,Workbridge Associates,Data Scientist (Image Processing),Deep understanding of machine learning techniques. Geospacial data analytics and image processing startup in San Francisco is hiring for its core Data Science...,145000.0,CA,San Francisco,37.7792808,-122.4192362,1,0,0,0,0,0,0,0,0,0,0,0,157954.545455,112684.627907
98,Workbridge Associates,Sr. Data Scientist,You will be working closely with the Data Engineering team using Machine Learning and doing data exploration. Data Scientist with a programming background....,165000.0,CA,San Francisco,37.7792808,-122.4192362,1,0,0,0,0,0,0,0,0,0,0,0,157954.545455,112684.627907
99,Jobspring Partners,Data Scientist,"A fast growing company located in Redwood City is looking for a Data Scientist and is willing to pay up to $170,000....",160000.0,CA,Redwood City,37.4852152,-122.2363547,1,0,0,0,0,0,0,0,0,0,0,0,162500.0,112684.627907
100,All-In Analytics,Sr. Machine Learning Data Scientist,Mentor and manage junior Data Scientists. Machine Learning Senior Data Scientist. San Francisco Company is looking for a Data Scientist with a specialty in time...,135000.0,CA,San Francisco,37.7792808,-122.4192362,1,0,0,0,0,0,0,0,0,0,0,0,157954.545455,112684.627907
101,Nisum Technologies,Big Data Talend Developer,Identifies and recommends technical improvements in production application solutions or operational processes in support of BigData platform and information...,140000.0,CA,San Francisco,37.7792808,-122.4192362,1,0,0,0,0,0,0,0,0,0,0,0,157954.545455,112684.627907
102,Corporate Labs Technology,Data Scientist (Machine Learning),Machine Learning Developer. Fast growing social media company is looking to add to their team. Sign on bonus....,145000.0,CA,Brisbane,-27.4689681,153.0234991,1,0,0,0,0,0,0,0,0,0,0,0,145000.0,112684.627907
103,Workbridge Associates,"Staff Engineer, Machine Learning",The role will be working on technology that provides API endpoints to gather data. A leading San Francisco-based company in the fin-tech space is looking for an...,180000.0,CA,San Francisco,37.7792808,-122.4192362,1,0,0,0,0,0,0,0,0,0,0,0,157954.545455,112684.627907
104,Harnham,Senior Data Science Manager,"You will lead a team of 4 data scientists including man-management, motivation, generating and executing analytical strategies and adopting a hands-on approach...",185000.0,CA,San Francisco,37.7792808,-122.4192362,1,1,0,1,0,0,0,0,0,0,0,0,157954.545455,112684.627907
105,Federal Emergency Management Agency,Physical Scientist,Serving as an official liaison and collaborates with engineers/ scientists in the public and private sector on a wide range of seismic hazards regulatory issues...,96947.0,CA,Oakland,37.8044557,-122.2713562,1,0,0,0,0,0,0,0,0,0,0,0,96947.0,112684.627907
106,Jobspring Partners,Data Scientist- cool startup in RedWood City,"A fast growing company located in Redwood City is looking for a Data Scientist and is willing to pay up to $170,000....",165000.0,CA,Redwood City,37.4852152,-122.2363547,1,0,0,0,0,0,0,0,0,0,0,0,162500.0,112684.627907
107,Workbridge Associates,Senior Data Scientist (Optimization),Established retail and eCommerce company in downtown San Francisco is looking to hire a Senior Data Scientist who will develop core machine learning algorithms...,150000.0,CA,San Francisco,37.7792808,-122.4192362,1,1,0,0,0,0,0,0,0,0,0,0,157954.545455,112684.627907
108,Jobspring Partners,Data Scientist,One of the most well-known non-profits in the Boston Area is building out their first Data Science team and is looking for multiple Data Scientists to join...,100000.0,MA,Boston,42.3604823,-71.0595677,1,0,0,0,0,0,0,0,0,0,0,0,119038.888889,113908.0
109,Harnham,"SENIOR DATA SCIENTIST, LEADING INSURANCE BUSINESS","Data Scientist | Modeler | Statistical Methods | Predictive Analytics | Machine Learning | Advanced. A key client of ours in the Boston, MA area has begun the...",130000.0,MA,Boston,42.3604823,-71.0595677,1,0,0,0,0,0,0,0,0,0,0,0,119038.888889,113908.0
110,The Bivium Group,"Data Scientist - healthcare, hacking coding skills", Will develop solutions that read large volumes of data and produce insights in real time.  Will use technologies from Machine Learning....,115000.0,MA,Cambridge,52.2033051,0.124862,1,0,0,0,0,0,0,0,0,0,0,0,112500.0,113908.0
111,Harnham,"DATA SCIENTIST, WORLD-CLASS CONSULTANCY ROLE","Data Scientist | Modeler | Statistical Methods | Predictive Analytics | Machine Learning | Advanced. You'll be the machine learning SME on the project, applying...",145000.0,MA,Boston,42.3604823,-71.0595677,1,0,0,0,0,0,0,0,0,0,0,0,119038.888889,113908.0
112,LIBERTY MUTUAL GROUP,"Assistant Director, Predictive Modeling",Experience building and deploying models and building a business case around a variety of different support tools is required Advanced degree in Computer...,134950.0,MA,Boston,42.3604823,-71.0595677,1,0,1,0,0,0,0,0,0,0,0,0,119038.888889,113908.0
113,Jobspring Partners,Data Analysis,One of Newton’s fastest growing SaaS companies is looking for a data scientist to build predictive models and run analytics for customer data for restaurants....,90000.0,MA,Boston,42.3604823,-71.0595677,0,0,0,0,0,0,0,0,0,0,0,0,119038.888889,113908.0
114,Jobspring Partners,Data Scientist/Engineer,An understanding of Signal Processing Data. They are looking for a Data Scientist/Engineer who can come in and help the team figure out the best ways to...,105000.0,MA,Cambridge,52.2033051,0.124862,1,0,0,0,0,0,0,0,0,0,0,0,112500.0,113908.0
115,"NewAgeSys,Inc",Scientist (Novartis),Perform in vitro pharmacology studies using primary airway epithelial cells Deliver high quality data to support progression of the respiratory drug discovery...,50000.0,MA,Cambridge,52.2033051,0.124862,0,0,0,0,0,0,0,0,0,0,0,0,112500.0,113908.0
116,Harnham,"DATA SCIENTIST, ECOMMERCE ANALYTICS",This is a role designed for a very Machine Learning-led Data Scientist who has experience of working in eCommerce retail environments previously....,160000.0,MA,Boston,42.3604823,-71.0595677,1,0,0,0,0,0,0,0,0,0,0,0,119038.888889,113908.0
117,Northeastern University,Research Scientist,"Want to develop and apply algorithms for data analysis, machine learning and statistical inference. A project of particular interest is the proposal below that...",60000.0,MA,Boston,42.3604823,-71.0595677,0,0,0,0,0,0,0,0,0,0,0,0,119038.888889,113908.0
118,Domeyard LP,HPC Scientist at HFT Hedge Fund,"Send resume + cover letter to careers @ domeyard . Familiarity with lock-free and wait-free data structures. Benchmarking, profiling and performance tuning of...",120000.0,MA,Boston,42.3604823,-71.0595677,1,0,0,0,0,0,0,0,0,0,0,0,119038.888889,113908.0
119,Jobspring Partners,Data Analyst,"This position is designed to liaise between product teams, software engineers and data scientists to come up with unique and novel prospective on complex data...",92500.0,MA,Boston,42.3604823,-71.0595677,1,0,0,0,0,0,0,0,0,1,0,0,119038.888889,113908.0
120,Jobspring Partners,Deep Learning Engineer,"This hire will be responsible for implementing deep learning techniques used on massive, distributed complex data sets as well as developing novel predictive...",170000.0,MA,Boston,42.3604823,-71.0595677,1,0,0,0,0,0,0,0,0,0,0,0,119038.888889,113908.0
121,Domeyard LP,High Performance Computing Scientist needed for HFT Firm,"Send resume + cover letter to careers @ domeyard . Familiarity with lock-free and wait-free data structures. Benchmarking, profiling and performance tuning of...",120000.0,MA,Boston,42.3604823,-71.0595677,1,0,0,0,0,0,0,0,0,0,0,0,119038.888889,113908.0
122,Rifiniti,Assistant to the President,"We have a dynamic startup team, consisting of data scientists, software developers, systems administrators, sales representatives, and support personnel....",55000.0,MA,Boston,42.3604823,-71.0595677,0,0,0,0,0,0,0,0,0,0,0,0,119038.888889,113908.0
123,"Engineering Resource Group, Inc.",Lead Machine Learning Data Analyst,Permanent position for a Lead Machine Learning Data Analyst to provide technical leadership for machine learning and advanced analytics efforts....,97500.0,MA,Boston,42.3604823,-71.0595677,1,0,0,0,1,0,0,0,0,1,0,0,119038.888889,113908.0
124,WinterWyman,"Software Engineers (Scala / Java / Python, Hadoop, Machine L...",You will work on consumer and enterprise (SaaS) systems that leverage big data analytics and machine learning....,120000.0,MA,Boston,42.3604823,-71.0595677,1,0,0,0,0,0,0,0,0,0,0,0,119038.888889,113908.0
125,"NewAgeSys,Inc",Scientist (PFIZER),This data is required to elucidate structure-function and to confirm suitable quality of clinical supplies....,45000.0,MA,Andover,42.65717,-71.1408775,0,0,0,0,0,0,0,0,0,0,0,0,45000.0,113908.0
126,Harnham,"DATA SCIENTIST TEAM MANAGER, CUTTING EDGE TECH BUSINESS",Data Scientist | Modeler | Statistical Methods | Predictive Analytics | Machine Learning | Advanced. 8+ years of industrial/academic experience within data...,180000.0,MA,Cambridge,52.2033051,0.124862,1,0,0,0,0,0,0,0,0,0,0,0,112500.0,113908.0
127,US Engineering Technical Services,Data Analyst,"Data preparation, data visualization and presentation of data. Additionally, the software enables engineers and scientists to quickly analyze and visualize...",110000.0,MA,Wilmington,39.745947,-75.5465889,1,0,0,0,0,0,0,0,0,1,0,0,110000.0,113908.0
128,LIBERTY MUTUAL GROUP,Senior Software Developer,"You’ll have the opportunity to work in an Agile environment to collaborate closely with other developers, architects, business analysts and advanced data...",112750.0,MA,Boston,42.3604823,-71.0595677,1,1,0,0,0,0,0,0,0,0,0,0,119038.888889,113908.0
129,South Florida Water Management,Staff Engineer or Scientist 4,"It is preferred that the incumbent have experience and knowledge of regulatory programs, water quality data analysis, data collection and monitoring networks...",57117.0,FL,West Palm Beach,26.7153425,-80.0533745,0,0,0,0,0,0,0,0,0,0,0,0,54690.0,62801.8676471
130,University of Miami,Scientist,"This individual will direct and manage research staff with lab techniques routinely done such as rodent surgeries, tumor cell implantation, tumor...",108600.0,FL,Coral Gables,25.6905515,-80.2350088798,1,0,0,0,0,0,0,0,0,0,0,0,60100.0,62801.8676471
131,AIR FORCE,OPERATIONS RESEARCH ANALYST,"To serve as an Operations Research Analyst performing professional and scientific work requiring systematic, critical, intensive investigation into a subject in...",81664.0,FL,Eglin AFB,30.461382,-86.5468342847,0,0,0,0,0,0,0,0,0,0,0,0,73362.8333333,62801.8676471
132,Moffitt Cancer Center,"Associate Center Director, Population Science","The Scientific Leadership Committee provides overall scientific guidance and includes the Center Director, ACDs and Program Leaders, and meets quarterly....",100000.0,FL,Tampa,27.9477595,-82.4584439,1,0,1,0,0,0,0,0,0,0,0,0,67250.0,62801.8676471
133,PeopleFirst Florida HR,FORESTRY SUPERVISOR II-SES,The incumbent must be capable of working independently in gathering and assembling data to effectively manage all forests....,39331.5,FL,Tallahassee,30.4380832,-84.2809331,0,0,0,0,0,0,1,0,0,0,0,0,39331.5,62801.8676471
134,University of Miami,Sr. Research Analyst,"UHealth-University of Miami Health System, South Florida's only university-based health system, provides leading-edge patient care powered by the ground...",56000.0,FL,Coral Gables,25.6905515,-80.2350088798,0,0,0,0,0,0,0,0,0,1,0,0,60100.0,62801.8676471
135,Pensacola State College,INSTITUTIONAL RESEARCH ANALYST,"Collects and analyzes data; Experience in institutional research, planning, assessment, data analysis, research design, and/or statistical applications....",32500.0,FL,Pensacola,30.421309,-87.2169148,0,0,0,0,0,0,0,0,0,0,0,0,32500.0,62801.8676471
136,Smith Hanley Associates,Statistical Operations Research Analyst,"Execute operations research projects, manage data requirements, strategy, and delivery of results. Conduct analysis of business data to present insights....",85000.0,FL,Miami,25.7742658,-80.1936588,0,0,0,0,0,0,0,0,0,1,0,0,82500.0,62801.8676471
137,University of Miami,Research Analyst,"UHealth-University of Miami Health System, South Florida's only university-based health system, provides leading-edge patient care powered by the ground...",46000.0,FL,Coral Gables,25.6905515,-80.2350088798,0,0,0,0,0,0,0,0,0,1,0,0,60100.0,62801.8676471
138,University of Florida,Lecturer,"2 assistant research scientists, 5 post-doctoral fellows, 500. Reliability, Data Analytics, Operations Research, Ergonomics and Work....",80000.0,FL,Gainesville,29.6519396,-82.324996,0,0,0,0,0,0,0,0,0,0,0,0,75833.3333333,62801.8676471
139,University of Miami,Lead Research Analyst (Biostatistics),"UHealth-University of Miami Health System, South Florida's only university-based health system, provides leading-edge patient care powered by the ground...",93100.0,FL,Coral Gables,25.6905515,-80.2350088798,1,0,0,0,1,0,0,0,0,1,0,0,60100.0,62801.8676471
140,University of Miami,Assistant Scientist/Postdoctoral Associate,"UHealth-University of Miami Health System, South Florida's only university-based health system, provides leading-edge patient care powered by the ground...",59450.0,FL,Coral Gables,25.6905515,-80.2350088798,0,0,0,0,0,0,0,0,0,0,0,0,60100.0,62801.8676471
141,University of Miami,Sr. Research Analyst / Pre-award Grants,"UHealth-University of Miami Health System, South Florida's only university-based health system, provides leading-edge patient care powered by the ground...",56000.0,FL,Coral Gables,25.6905515,-80.2350088798,0,0,0,0,0,0,0,0,0,1,0,0,60100.0,62801.8676471
142,University of Miami,(Temporary) Research Laboratory Technician,"UHealth-University of Miami Health System, South Florida's only university-based health system, provides leading-edge patient care powered by the ground...",38400.0,FL,Coral Gables,25.6905515,-80.2350088798,0,0,0,0,0,0,0,0,0,0,0,0,60100.0,62801.8676471
143,AIR FORCE,Chemist,Represent an authoritative source of consultation for other scientists and program specialists and are called upon to perform a key role in resolving issues...,84878.0,FL,Eglin AFB,30.461382,-86.5468342847,0,0,0,0,0,0,0,0,0,0,0,0,73362.8333333,62801.8676471
144,FAU's Harbor Branch Oceanographic Institute,Systems Engineer,"Ability to work effectively in an interdisciplinary team with scientists, engineers of different disciplines (electronic, optical, software and computer),...",57500.0,FL,Fort Pierce,27.4467056,-80.3256055,0,0,0,0,0,0,0,0,0,0,0,0,57500.0,62801.8676471
145,AIR FORCE,"COMPUTER SCIENTIST, GS-1550-7 target 12 Palace Acquire Inter...",Data to be applied to work projects and identify problems. Concepts to apply to scientific methods and techniques to solve assigned....,53546.5,FL,Eglin AFB,30.461382,-86.5468342847,0,0,0,0,0,0,0,0,0,0,0,0,73362.8333333,62801.8676471
146,University of Miami,Financial Analyst (Clinical Research Revenue),This department is responsible for billing compliance for clinical research billing activities related to human subjects clinical research....,44875.0,FL,Coral Gables,25.6905515,-80.2350088798,0,0,0,0,0,0,0,0,0,1,0,0,60100.0,62801.8676471
147,Morgan Stephens,Librarian Research Analyst,Salary is 75-85K plus a benefits package. Looking for a Legal Librarian that will be responsible for conducting legal and due diligence research for the firm....,80000.0,FL,Miami,25.7742658,-80.1936588,0,0,0,0,0,0,0,0,0,1,0,0,82500.0,62801.8676471
148,Centers for Disease Control and Prevention,Health Scientist,"Whether we are protecting the American people from public health threats, researching emerging diseases, or mobilizing public health programs with our domestic...",117437.5,DC,Washington,38.8949549,-77.0366455,1,0,0,0,0,0,0,0,0,0,0,0,108991.8,108991.8
149,Federal Aviation Administration,Operations Research Analyst,The primary requirement of operations research work is competence in the rigorous methods of scientific inquiry and analysis rather than in the subject matter...,98670.5,DC,Washington,38.8949549,-77.0366455,1,0,0,0,0,0,0,0,0,1,0,0,108991.8,108991.8
150,Selby Jennings,Associate Data Science,Associate Data Scientist. Work with experienced data scientists and learn an industry that is always growing in a laid back environment....,137500.0,DC,Washington,38.8949549,-77.0366455,1,0,0,0,0,0,0,0,0,0,0,0,108991.8,108991.8
151,Office of the State Superintendent of Education,Education Research Analyst,"Provides staffing support for the Policy Research & Analysis convening activities, including but not limited to conducting surveys and collecting data and...",92736.5,DC,Washington,38.8949549,-77.0366455,1,0,0,0,0,0,0,0,0,1,0,0,108991.8,108991.8
152,Fairfax County Government,Research Assistant - Management Analyst ...,Formats data sets and performs qualitative and descriptive statistical analysis' to aggregate and assimilate data for displaying potential patterns and trends;...,66164.0,VA,Fairfax,38.8462236,-77.3063732,0,0,0,0,0,0,0,0,0,1,0,0,66164.0,100582.0
153,National Security Agency,Cryptologic Computer Scientist,Vital to our success will be a core of Computer Scientists. Entry is with a Bachelor's degree plus 3 years of relevant experience or a Master's degree plus 1...,75091.5,MD,Fort George G Meade,39.10517,-76.7476151975,0,0,0,0,0,0,0,0,0,0,0,0,95092.9,72137.68
154,U.S. Department of Labor,Research Statistician,"Or in the social sciences including demography, history, economics, social welfare, geography, international relations, social or cultural anthropology, health...",98642.0,DC,Washington,38.8949549,-77.0366455,1,0,0,0,0,0,0,0,0,0,0,0,108991.8,108991.8
155,All-In Analytics,Market Risk Data Scientist,"Market Risk Data Scientist. Base Salary - $80,000 to $95,000 + Bonus. SAS, SQL, Credit Risk Loan Portfolio Management, Investments, Capital Markets, Mortgage...",90000.0,DC,Washington,38.8949549,-77.0366455,0,0,0,0,0,0,0,0,0,0,0,0,108991.8,108991.8
156,GWU - ECE Department,Post-Doctoral Scientist,"Designs algorithms to help cleanse, match, transform, and identify trends in big data. Require’s a PhD in the field or in a related area....",46000.0,DC,Washington,38.8949549,-77.0366455,0,0,0,0,0,0,0,0,0,0,0,0,108991.8,108991.8
157,TULKORP.,Computer Vision Scientist 2,"At least 12 years of relevant work experience with Bachelor's Degree, Master's Degree and some relevant post Master's Degree course work (may substitute 7 yrs...",135000.0,VA,Alexandria,31.199004,29.894378,1,0,0,0,0,0,0,0,0,0,0,0,135000.0,100582.0
158,Dept of Forensic Sciences,Forensic Scientist III (Crime Scene / Crime Scene Analyst),Updates and keeps informed of the current literature and precedence relevant to the forensic scientific fields and shares the same information to the immediate...,100306.5,DC,Washington,38.8949549,-77.0366455,1,0,0,0,0,0,1,1,0,1,0,0,108991.8,108991.8
159,All-In Analytics,Sr. Market Risk Data Scientist,"Market Risk Data Scientist. Base Salary - $100,000 to $114,000 + Bonus. SAS, SQL, Credit Risk Loan Portfolio Management, Investments, Capital Markets, Mortgage...",107500.0,DC,Washington,38.8949549,-77.0366455,1,0,0,0,0,0,0,0,0,0,0,0,108991.8,108991.8
160,Central Intelligence Agency,Applications Developer,"The CIA has ongoing requirements for entry-level and experienced Computer Scientists, Software Engineers and Web Designers and Publishers....",86213.0,DC,Washington,38.8949549,-77.0366455,0,0,0,0,0,0,0,0,0,0,0,0,108991.8,108991.8
161,National Security Agency,Data Scientist - Experienced,"Designing/implementing machine learning, data mining, advanced analytical algorithms, programming, data science, advanced statistical analysis, artificial...",116850.0,MD,Fort George G Meade,39.10517,-76.7476151975,1,0,0,0,0,0,0,0,0,0,0,0,95092.9,72137.68
162,Legal Services Corporation,Research Project Coordinator and Data Analyst,"Demonstrated expertise with statistical, analytical, and data visualization software, such as R, STATA, ArcGIS, SQL tools, and relevant Python libraries....",95041.5,DC,Washington,38.8949549,-77.0366455,1,0,0,0,0,0,0,0,0,1,0,0,108991.8,108991.8
163,Selby Jennings,Senior Quantitative Analyst - Credit Risk,"A Top Tier Investment Bank is looking for an experienced risk quant to join their Global Analytics team. If you are interested, please apply below with an...",120000.0,DC,Washington,38.8949549,-77.0366455,1,1,0,0,0,0,0,0,0,1,0,0,108991.8,108991.8
164,"Elite Technical Services, Inc.",Data Architect and Engineering,"Enterprise Architecture, Micro Services Architecture, Commercial data feeds, message queue, data ingest, transformation, loading and aggregation techniques and...",155000.0,DC,Washington,38.8949549,-77.0366455,1,0,0,0,0,0,0,0,0,0,0,0,108991.8,108991.8
165,University of Minnesota,Oncology Clinical Research Nurse,"The selected candidate must have flexibility with their work schedule to accommodate subject visits, the ability to integrate clinical care with clinical...",70000.0,MN,Minneapolis,44.9772995,-93.2654691,0,0,0,0,0,0,0,0,0,0,0,0,78084.125,79132.9166667
166,Search Leaders,Manager of Data Warehouse & Reporting,"Work with client managers, clients, data scientists, ETL developers, and product owners to understand business requirements and specific analytics and reporting...",125000.0,MN,Saint Louis Park,44.9475726,-93.3569022,1,0,0,1,0,0,0,0,0,0,0,0,125000.0,79132.9166667
167,Tessie Cleveland Community Service Corporation,Senior Research Analyst,"Master’s Degree or higher in the Social Sciences, Psychology or Social Work (with focus on research) OR a Bachelor’s Degree in Informatics, Data Analytics or a...",56000.0,CA,Los Angeles,34.0543942,-118.2439408,0,1,0,0,0,0,0,0,0,1,0,0,95309.75,112684.627907
168,Los Angeles County Department of Human Resources,"MEDICAL TECHNOLOGIST, DATA SYSTEMS","Clinical Laboratory Scientist license issued by the California State Department of Health**. *Applicants must attach a valid, legible photocopy of their license...",88765.0,CA,Los Angeles,34.0543942,-118.2439408,0,0,0,0,0,0,0,0,0,0,0,0,95309.75,112684.627907
169,QYResearch,Automotive industry market research analyst,Analyzing and interpreting data; Identifies marketing opportunities and resolves marketing issues by analyzing market data....,50000.0,CA,Rowland Heights,33.9761238,-117.9053394,0,0,0,0,0,0,0,0,0,1,0,0,53333.3333333,112684.627907
170,Workbridge Associates,Java Machine Learning Algorithm Developer,Java Machine Learning Algorithm Developer needed for Burbank based leading alternative & solar energy company....,130000.0,CA,Los Angeles,34.0543942,-118.2439408,1,0,0,0,0,0,0,0,0,0,0,0,95309.75,112684.627907
171,Los Angeles County Department of Human Resources,SENIOR STATISTICAL CLERK,"Supervises the work of a statistical clerical unit or works independently in the collection, compilation, verification, and presentation of a large volume of...",42566.5,CA,Los Angeles,34.0543942,-118.2439408,0,0,0,0,0,0,0,0,0,0,0,0,95309.75,112684.627907
172,Los Angeles County Human Resources,SENIOR STATISTICAL CLERK,"Compiles pertinent data to verify amounts, totals, and ensure balances. Participates in the coding, sorting, translating, and filing of data for statistical...",42566.5,CA,Los Angeles,34.0543942,-118.2439408,0,0,0,0,0,0,0,0,0,0,0,0,95309.75,112684.627907
173,Los Angeles County Department of Human Resources,"RESEARCH ANALYST III, BEHAVIORAL SCIENCES",Until the needs of the service are met and is subject to closure without prior notice. DEPARTMENT OF HEALTH SERVICES....,79758.5,CA,Los Angeles,34.0543942,-118.2439408,0,0,0,0,0,0,1,1,0,0,0,0,95309.75,112684.627907
174,QYResearch,Chemical Industry Market Research Analyst,Analyzing and interpreting data; Identifies marketing opportunities and resolves marketing issues by analyzing market data....,60000.0,CA,Rowland Heights,33.9761238,-117.9053394,0,0,0,0,0,0,0,0,0,1,0,0,53333.3333333,112684.627907
175,TEEMA,Senior Product Manager - Disruptive ELearning Startup,"Drive product efficacy efforts by validating, improving, and iterating elements of the product including curriculum design, data analytics, and technology....",140000.0,CA,Los Angeles,34.0543942,-118.2439408,1,1,0,1,0,0,0,0,0,0,0,0,95309.75,112684.627907
176,Altair Engineering,Aerospace Program Manager,"Altair ProductDesign is a global, multi-disciplinary product development consultancy of more than 700 designers, engineers, scientists, and creative thinkers....",88000.0,CA,Cypress,33.8248235,-118.0399367,0,0,0,1,0,0,0,0,0,0,0,0,88000.0,112684.627907
177,Phillips Graduate University,Research Analyst,"Demonstrated ability to successfully prioritize and manage multiple projects concurrently. Extracting, downloading, transferring, and compiling data using the...",55000.0,CA,Chatsworth,34.2595715,-118.6023246,0,0,0,0,0,0,0,0,0,1,0,0,55000.0,112684.627907
178,QYResearch,Market Research Analyst,Analyzing and interpreting data; Identifies marketing opportunities and resolves marketing issues by analyzing market data....,50000.0,CA,Rowland Heights,33.9761238,-117.9053394,0,0,0,0,0,0,0,0,0,1,0,0,53333.3333333,112684.627907
179,Los Angeles County Department of Human Resources,HUMAN RESOURCES ANALYST IV - Test Research,"Plans and conducts job analysis, test development, and validation research projects, including choice of job analysis strategy, validation strategy, number and...",104708.5,CA,Los Angeles,34.0543942,-118.2439408,1,0,0,0,0,0,0,0,0,0,0,0,95309.75,112684.627907
180,Los Angeles County Human Resources,SUPERVISING CLINICAL LABORATORY SCIENTIST III,Evaluates the performance of subordinate Supervising Clinical Laboratory Scientists and reviews their evaluations of clinical laboratory scientists and...,97476.0,CA,Los Angeles,34.0543942,-118.2439408,1,0,0,0,0,0,1,1,0,0,0,0,95309.75,112684.627907
181,Selby Jennings,Quantitative Analyst - Credit Risk,"A Top Tier Investment Bank is looking for an experienced risk quant to join their Global Analytics team. If you are interested, please apply below with an...",120000.0,CA,Los Angeles,34.0543942,-118.2439408,1,0,0,0,0,0,0,0,0,1,0,0,95309.75,112684.627907
182,Los Angeles County Human Resources,"CHIEF RESEARCH ANALYST, BEHAVIORAL SCIENCES",Research experience working with quantifying survey data reliability in sampling size determination for health-related data collection....,84495.5,CA,Los Angeles,34.0543942,-118.2439408,0,0,0,0,0,0,0,0,0,0,0,0,95309.75,112684.627907
183,Workbridge Associates,Software Engineer (Machine Learning/Algorithm Development,"Qualified candidates preferably have graduated with a degree in Mathematics, Physics, Scientific Computing, etc. and have a solid background in data structures,...",105000.0,CA,Burbank,34.1816482,-118.3258553,1,0,0,0,0,0,0,0,0,0,0,0,105000.0,112684.627907
184,Lighthouse Recruiting,LC/MS Clinical Laboratory Scientist,Established and expanding clinical toxicology laboratory seeking to add an experienced LC/MS Clinical Laboratory Scientist to their team....,95000.0,CA,Pasadena,34.1476452,-118.1444778,1,0,0,0,0,0,0,0,0,0,0,0,95000.0,112684.627907
185,North Carolina State University,Research Technician,"The Center provides resources such as land, equipment, facilities, expertise and personnel to research scientists conducting field research on agricultural...",42389.0,NC,Mills River,35.3954067,-82.5987483,0,0,0,0,0,0,0,0,0,0,0,0,42389.0,82483.1578947
186,North Carolina Office of State Human Resources,Natural Science Research Curator II,"Participation in science communication initiatives, including participation in Museum educational programming, delivering public science-based presentations,...",55922.0,NC,Wake County,35.7979355,-78.611831,0,0,0,0,0,0,1,0,0,0,0,0,55922.0,82483.1578947
187,ZP Group,Senior Statistical Programmer,Creation for SAS datasets of clinical data from clinical databases. Piper Clinical Solutions is seeking a Senior Statistical Programmer for a large CRO located...,105000.0,NC,Durham,54.7764152,-1.5758538,1,1,0,0,0,0,0,0,0,0,0,0,105000.0,82483.1578947
188,North Carolina Office of State Human Resources,Stock Assessment Scientist,"Experience conducting basic scientific research, select, format, standardize and summarize appropriate fishery and survey data....",51502.0,NC,Carteret County,34.8496625,-76.5931207,0,0,0,0,0,0,0,0,0,0,0,0,51502.0,82483.1578947
189,State of North Carolina,Stock Assessment Scientist,"Experience conducting basic scientific research, select, format, standardize and summarize appropriate fishery and survey data....",51502.0,NC,Carteret County,34.8496625,-76.5931207,0,0,0,0,0,0,0,0,0,0,0,0,51502.0,82483.1578947
190,University of North Carolina,Research Technician (Jones' Lab),The selected candidate must be able to verify data and QC using in-house analytics. The Department of Genetics is strongly committed to supporting its current...,40500.0,NC,Chapel Hill,35.9131996,-79.0558444,0,0,0,0,0,0,0,0,0,0,0,0,42000.0,82483.1578947
191,Selby Jennings,Quantitative Analyst - Multiple Vacancies,"A Top Tier Investment Bank is looking for an experienced risk quant to join their Global Analytics team. If you are interested, please apply below with an...",150000.0,NC,Charlotte,35.2270869,-80.8431267,1,0,0,0,0,0,0,0,0,1,0,0,146250.0,82483.1578947
192,University of North Carolina,Research Technician,"Although members of the Center study many different diseases, the unifying features of are the application of advanced biomedical technologies and the close...",35500.0,NC,Chapel Hill,35.9131996,-79.0558444,0,0,0,0,0,0,0,0,0,0,0,0,42000.0,82483.1578947
193,Selby Jennings,Quantitative Financial Analyst - VP,"A Top Tier Investment Bank is looking for an experienced risk quant to join their Global Analytics team. If you are interested, please apply below with an...",150000.0,NC,Charlotte,35.2270869,-80.8431267,1,0,0,0,0,0,0,0,0,1,0,0,146250.0,82483.1578947
194,Selby Jennings,SVP Quantitative Analyst - Multiple Vacancies,"A Top Tier Investment Bank is looking for an experienced risk quant to join their Global Analytics team. If you are interested, please apply below with an...",150000.0,NC,Charlotte,35.2270869,-80.8431267,1,0,0,0,0,0,0,0,0,1,0,0,146250.0,82483.1578947
195,Guilford County Government,Environmental Health Specialist,Graduation from a four-year college or university with 30 semester hours of course work in the physical or biological sciences and two years of experience in...,47476.0,NC,Greensboro,36.0726355,-79.7919753,0,0,0,0,0,0,0,0,0,0,0,0,51238.0,82483.1578947
196,UNC Catalyst for Rare Diseases,Lab Manager / Research Associate,Prepare posters and other materials for presentation of research data at scientific conferences. For candidates demonstrating comparable independent research...,50000.0,NC,Chapel Hill,35.9131996,-79.0558444,0,0,0,1,0,0,0,0,0,0,0,0,42000.0,82483.1578947
197,North Carolina State University,Sweet Potato Research Technician,"Provide advanced training and leadership for national and international students, scientists, and policy-makers interested in sweetpotato and crop improvement...",42389.0,NC,Raleigh,35.7803977,-78.6390988,0,0,0,0,0,0,0,0,0,0,0,0,64129.6666667,82483.1578947
198,North Carolina State University,Post Doctoral Scientist in Computational Genomics,A Postdoctoral position in plant genomics and bioinformatics is available to join a multidisciplinary blueberry genomic and breeding project at the North...,40000.0,NC,Raleigh,35.7803977,-78.6390988,0,0,0,0,0,0,0,0,0,0,0,0,64129.6666667,82483.1578947
199,Selby Jennings,Senior Quantitative Analyst - Credit Risk,"A Top Tier Investment Bank is looking for an experienced risk quant to join their Global Analytics team. If you are interested, please apply below with an...",135000.0,NC,Charlotte,35.2270869,-80.8431267,1,1,0,0,0,0,0,0,0,1,0,0,146250.0,82483.1578947
200,Conclusive Marketing,Senior Database Developer,"Our experts integrate data, deploy the latest in decision science, management science, data science, predictive analytics, and visualization techniques enabling...",105000.0,NC,Huntersville,35.410845,-80.8429093,1,1,0,0,0,0,0,0,0,0,0,0,105000.0,82483.1578947
201,"IGE Therapeutics, Inc",Scientist,"The candidates working in a Team culture, are expected to be a cordial team player, skilled in both verbal and written communication, data organization and...",53000.0,CA,San Diego,32.7174209,-117.1627713,0,0,0,0,0,0,0,0,0,0,0,0,73733.3333333,112684.627907
202,Workbridge Associates,Software Engineer (C#/Machine Learning),A leading cybersecurity solutions company located in San Diego is looking to bring on a Software Engineer to their team who has previous experience with machine...,100000.0,CA,San Diego,32.7174209,-117.1627713,1,0,0,0,0,0,0,0,0,0,0,0,73733.3333333,112684.627907
203,Intechriti,Data Scientist (IoT Network Security),"Experience with threat intelligence analytics, malware intelligence analytics, cybersecurity analytics, OR user behavior analytics....",160000.0,CA,San Jose,37.3361905,-121.8905832,1,0,0,0,0,0,0,0,0,0,0,0,160000.0,112684.627907
204,Workbridge Associates,Data Scientist,A company specializing in marketing data analytics is looking for a Python data scientist to add to their growing team....,100000.0,CA,Palo Alto,37.442156,-122.1634471,1,0,0,0,0,0,0,0,0,0,0,0,115000.0,112684.627907
205,Umpqua Bank,Pivotus Ventures - Data Scientist - Palo Alto,You will be eager to think about how machine learning and analytics can help change the ways people manage money and transact commerce....,130000.0,CA,Palo Alto,37.442156,-122.1634471,1,0,0,0,0,0,0,0,0,0,0,0,115000.0,112684.627907
206,AIR FORCE,Computer Scientist,"Citizenship is required Must be registered for Selective Service, see Legal and Regulatory Guidance Total salary varies depending on location of position PCS...",92455.5,CA,Edwards AFB,34.900814,-117.943953226,1,0,0,0,0,0,0,0,0,0,0,0,92455.5,112684.627907
207,Jobspring Partners,Data Scientist,"Paid holidays, competitive leave package, paid leave between Christmas and New Year, Maternity/Paternity paid leave, adoption paid leave, full health, commuter...",117500.0,MD,Bethesda,38.9848265,-77.0946458,1,0,0,0,0,0,0,0,0,0,0,0,123750.0,72137.68
208,Johns Hopkins University,Research Data Analyst,Utilize advanced scientific knowledge and experience toward specialized scientific research. Interests of Clinical Research projects in the Division of...,50112.0,MD,Baltimore,39.2908816,-76.6107589,0,0,0,0,0,0,0,0,0,1,0,0,59135.5,72137.68
209,Maryland Department of Transportation,Data Analysis Project Engineer (Transportation Engineer IV),The Data Analysis Project Engineer directly reports to the Data Analysis Team leader of Pavement Management Section....,64988.5,MD,Anne Arundel County,38.9722583,-76.5734539,0,0,0,0,0,0,0,0,0,0,0,0,64988.5,72137.68
210,State of Maryland,EPIDEMIOLOGIST I,"Armed Forces military service experience as a commissioned officer in Health Care Science classifications or Clinical Lab, Medical Scientists, or Bio Medical...",50508.0,MD,Baltimore,39.2908816,-76.6107589,0,0,0,0,0,0,0,0,0,0,0,0,59135.5,72137.68
211,Johns Hopkins University,Research Service Analyst,"During the Influenza (""the flu"") season, as a condition of employment, The Johns Hopkins Institutions require all employees who provide ongoing services to...",49165.0,MD,Baltimore,39.2908816,-76.6107589,0,0,0,0,0,0,0,0,0,1,0,0,59135.5,72137.68
212,Johns Hopkins University,Biostatistician,"Collaborates with clinical and scientific investigators in protocol designs, clinical plans, data analysis plans, grant applications and preparation of...",59339.0,MD,Baltimore,39.2908816,-76.6107589,0,0,0,0,0,0,0,0,0,0,0,0,59135.5,72137.68
213,Prince George's Community College,"Research Analyst, Institutional Research and Reporting","Work schedule is subject to change based on department needs. Under general supervision, responsible for supporting the Office of Planning, Assessment, and...",63863.0,MD,Largo,27.9094665,-82.7873243,0,0,0,0,0,0,0,0,0,1,0,0,63863.0,72137.68
214,"Apex Sytems, Inc",Research Audit Analyst,"Research Audit Analysts are responsible for data entry, data management, accounting and analyses of pooled data from various servicers....",45000.0,MD,Columbia,2.8894434,-73.7838919,0,0,0,0,0,0,0,0,0,1,0,0,45000.0,72137.68
215,"Sirnaomics,Inc",Biochemistry Lab Assistant,Possession of a Bachelor& equal Degree or higher in Biochemistry or related discipline from an accredited college or university according to the Council for...,32000.0,MD,Gaithersburg,39.1434406,-77.2013704,0,0,0,0,0,0,0,0,0,0,0,0,32000.0,72137.68
216,Johns Hopkins University,Sr. Institutional Research Analyst,"Identifies trends, opportunities, and concerns through data analysis. Query/report building tools, data visualization software (e.g....",59339.0,MD,Baltimore,39.2908816,-76.6107589,0,0,0,0,0,0,0,0,0,1,0,0,59135.5,72137.68
217,Piper Clinical Solutions,Bioinformatics Scientist,"Piper Clinical Solutions*. In Bethesda, MD to work for a scientific agency supporting immunology studies. Is currently seeking a *Bioinformatics Scientist*....",130000.0,MD,Bethesda,38.9848265,-77.0946458,1,0,0,0,0,0,0,0,0,0,0,0,123750.0,72137.68
218,Johns Hopkins University,Sr. Biostatistician,"Formation of statistical designs for studies, drafting statistical analysis plans, interfacing with database designers to ensure that the data collected can...",68904.0,MD,Baltimore,39.2908816,-76.6107589,0,0,0,0,0,0,0,0,0,0,0,0,59135.5,72137.68
219,Johns Hopkins University,Research Specialist,"Of Core resources by ALS Scientists around the world. Standardized slide sets are scanned, and the images, genetic analysis, and detailed clinical data are....",43986.0,MD,Baltimore,39.2908816,-76.6107589,0,0,0,0,0,0,0,0,0,0,0,0,59135.5,72137.68
220,Jobspring Partners,Application Support Engineer,The company provides innovative research systems used by research scientists nationwide. This engineer should also be able to quickly acclimate themselves to...,90000.0,MD,Rockville,39.0840054,-77.1527572,0,0,0,0,0,0,0,0,0,0,0,0,90000.0,72137.68
221,Johns Hopkins University,Drug Discovery Scientist,"During the Influenza (""the flu"") season, as a condition of employment, The Johns Hopkins Institutions require all employees who provide ongoing services to...",51114.0,MD,Baltimore,39.2908816,-76.6107589,0,0,0,0,0,0,0,0,0,0,0,0,59135.5,72137.68
222,State of Maryland,EDUCATION PROGRAM SPECIALIST I (Education Research Associate...,Develops detailed processes in SAS to mirror ORACLE processes for data validation. Produces ad hoc reports against tight timelines in SAS using various data...,78873.0,MD,Baltimore,39.2908816,-76.6107589,0,0,0,0,0,0,0,0,0,0,0,0,59135.5,72137.68
223,National Security Agency,Earned Value Management & Cost Research Analyst - Experience...,Use scientific methods to collect and analyze data using mathematical/statistical methods. Entry is with a Bachelor's degree plus 6 years of relevant experience...,116850.0,MD,Fort George G Meade,39.10517,-76.7476151975,1,0,0,0,0,0,0,0,0,1,0,0,95092.9,72137.68
224,National Security Agency,Earned Value Management & Cost Research Analyst,Use scientific methods to collect and analyze data using mathematical/statistical methods. Entry is with a Bachelor's degree plus 3 years of relevant experience...,75091.5,MD,Fort George G Meade,39.10517,-76.7476151975,0,0,0,0,0,0,0,0,0,1,0,0,95092.9,72137.68
225,Selby Jennings,Quantitative Analyst - Multiple Vacancies,"A Top Tier Investment Bank is looking for an experienced risk quant to join their Global Analytics team. If you are interested, please apply below with an...",120000.0,NY,New York,40.7305991,-73.9865811,1,0,0,0,0,0,0,0,0,1,0,0,130714.9375,124069.986111
226,Centers for Disease Control and Prevention,Health Scientist,"Whether we are protecting the American people from public health threats, researching emerging diseases, or mobilizing public health programs with our domestic...",117437.5,NY,New York,40.7305991,-73.9865811,1,0,0,0,0,0,0,0,0,0,0,0,130714.9375,124069.986111
227,Oliver James Associates,"Program Manager - Data Science - New York City - $165,000",The program manager will be working closely with Predictive modellers and Data Scientists to coordinate a portfolio of projects for the Data Science department....,165000.0,NY,New York,40.7305991,-73.9865811,1,0,0,1,0,0,0,0,0,0,0,0,130714.9375,124069.986111
228,CONSUMER AFFAIRS,"Modeler/Data Scientist, Policy and Strategy","For Assignment Level I (only physical, biological and environmental sciences and public health) A master's degree from an accredited college or university with...",65977.0,NY,Manhattan,40.7902778,-73.9597221,0,0,0,0,0,0,0,0,0,0,0,0,70910.375,124069.986111
229,Harnham,Senior Data Scientist - Bio-tech,"You will be expected to adopt a very hands-on approach working with large scale structured and unstructured clinical data, as well as mentoring other Data...",170000.0,NY,New York,40.7305991,-73.9865811,1,1,0,0,0,0,0,0,0,0,0,0,130714.9375,124069.986111
230,Beeswax,Senior / Director Data Science,"A minimum of 5 years experience in Machine learning, large-scale data mining, or applied data science. We’re seeking a senior data scientist in New York City to...",147500.0,NY,New York,40.7305991,-73.9865811,1,1,1,0,0,0,0,0,0,0,0,0,130714.9375,124069.986111
231,POLICE DEPARTMENT,Data Analytics Research Scientist,"Extensive knowledge of applied statistics, analytics, machine learning, data science or big data tools.. For Assignment Level I (only physical, biological and...",79249.5,NY,New York,40.7305991,-73.9865811,0,0,0,0,0,0,0,0,0,0,0,0,130714.9375,124069.986111
232,Princeton Consulting,Data Scientist,"As part of our fast-growing analytics team, you will work with other data scientists to develop a large scale graph analytics platform to enable core business...",192500.0,NY,New York,40.7305991,-73.9865811,1,0,0,0,0,0,0,0,0,0,0,0,130714.9375,124069.986111
233,Averity,Senior Statistician for Fortune 500 Company,"As a Senior Statistician, you will be proficient in SAS and SQL and will utilize your big data and predictive modeling skills to analyze, manipulate and...",110000.0,NY,New York,40.7305991,-73.9865811,1,1,0,0,0,0,0,0,0,0,0,0,130714.9375,124069.986111
234,Averity,"Vice President, Data Scientist - Leading International Advis...","Knowledge in advanced analytics methods, including statistical methods and machine learning algorithms. We provide data driven solutions for a wide range of...",175000.0,NY,New York,40.7305991,-73.9865811,1,0,0,0,1,0,0,0,0,0,1,0,130714.9375,124069.986111
235,Harris Allied,Quantitative Research/Data Analyst,"Vet and contribute deep analysis in order to report quantitative insights on performance issues, risk exposure and the allocation of funds....",140000.0,NY,New York,40.7305991,-73.9865811,1,0,0,0,0,0,0,0,0,1,0,0,130714.9375,124069.986111
236,Averity,Lead Data Scientist,"As a Lead Data Scientist in our Operational Analytics team, you will have extensive experience with machine learning techniques, data analysis and predictive...",130000.0,NY,New York,40.7305991,-73.9865811,1,0,0,0,1,0,0,0,0,0,0,0,130714.9375,124069.986111
237,Big Cloud,Data Scientist,"An exciting, innovative company in the heart of New York are recruiting multiple Data Scientists to join their growing team....",150000.0,NY,New York,40.7305991,-73.9865811,1,0,0,0,0,0,0,0,0,0,0,0,130714.9375,124069.986111
238,Harnham,Senior Data Scientist,Senior Data Scientist. Senior Data Scientist | Machine Learning | Predictive Models | Statistics | Hedge Fund | Investment Management....,200000.0,NY,New York,40.7305991,-73.9865811,1,1,0,0,0,0,0,0,0,0,0,0,130714.9375,124069.986111
239,Selby Jennings,Catastrophe Risk Analyst - Quantitative,"Product design, structuring and pricing, portfolio analytics and origination. This is an urgent hire that will offer an above market rate salary, full...",150000.0,NY,New York,40.7305991,-73.9865811,1,0,0,0,0,0,0,0,0,1,0,0,130714.9375,124069.986111
240,DEPT OF HEALTH/MENTAL HYGIENE,"Data Analyst, Bureau of Mental Health/Research and Evaluatio...","Clean, manage, analyze, and interpret data from multiple mental health programs, using SAS, SQL, and/or Tableau....",79249.5,NY,New York,40.7305991,-73.9865811,0,0,0,0,0,0,0,0,0,1,0,0,130714.9375,124069.986111
241,Averity,Mid-level Data Scientist For Top Travel Company,"As a Data Scientist in our Operational Analytics team, you will develop and implement advanced analytics models, perform ad-hoc analyses and create solid...",95000.0,NY,New York,40.7305991,-73.9865811,1,0,0,0,0,0,0,0,0,0,0,0,130714.9375,124069.986111
242,Jobspring Partners,Expert in Machine Learning at Consumer Banking Company,"Right now, this rapidly expanding division is seeking a Senior Data Scientist who has a strong background in machine learning....",175000.0,NY,New York,40.7305991,-73.9865811,1,0,0,0,0,0,0,0,0,0,0,0,130714.9375,124069.986111
243,Selby Jennings,Statistical Modeler | FinTech,"4+ years relevant and applied experience in risk. Python, R, etc.). SQL and SAS (or equivalent:. An industry-leading FinTech firm in California is adding to...",112500.0,NY,New York,40.7305991,-73.9865811,1,0,0,0,0,0,0,0,0,0,0,0,130714.9375,124069.986111
244,Selby Jennings,Senior Data Scientist,A leading asset management firm with over $300 billion in assets under management is looking to speak with driven Data Scientists for a New Product Development...,165000.0,NY,New York,40.7305991,-73.9865811,1,1,0,0,0,0,0,0,0,0,0,0,130714.9375,124069.986111
245,DEPARTMENT OF TRANSPORTATION,Bike Share Data Scientist,"Establish and monitor best practices, policies, procedures and documentation around Citi Bike system data; Analyze software systems in a SQL Server environment...",71814.5,NY,Manhattan,40.7902778,-73.9597221,0,0,0,0,0,0,0,0,0,0,0,0,70910.375,124069.986111
246,Averity,Quantitative Research Analyst for Multi-Billion Dollar Hedge...,"Strong programming experience (Python, R, Matlab). You will have a deep understand of our Fund's in-house time series database and reporting infrastructure, and...",175000.0,NY,New York,40.7305991,-73.9865811,1,0,0,0,0,0,0,0,0,1,0,0,130714.9375,124069.986111
247,NYC Department of Buildings,"Research Analyst, Risk",Ability to manage competing priorities and meet deadlines. Conducting qualitative and quantitative data collection and coding....,68908.5,NY,Manhattan,40.7902778,-73.9597221,0,0,0,0,0,0,0,0,0,1,0,0,70910.375,124069.986111
248,Averity,"Senior Data Scientist for Innovative, Top-Ranked Global Comp...",We are looking for a Senior Data Scientist to provide advanced analytics to our company's Operational Analytics team....,110000.0,NY,New York,40.7305991,-73.9865811,1,1,0,0,0,0,0,0,0,0,0,0,130714.9375,124069.986111
249,Averity,Senior Data Scientist for Global Travel Company,"As a Senior Data Scientist in our Operational Analytics team, you will be responsible for providing advanced analytics that will support strategic and tactical...",110000.0,NY,New York,40.7305991,-73.9865811,1,1,0,0,0,0,0,0,0,0,0,0,130714.9375,124069.986111
250,"NewAgeSys,Inc",Scientist,"3 – 6 yrs relevant experience with Bachelor's Degree, 5+ yrs with Associate's Degree; Candidates MUST be able to complete an initial 1 year Project based...",45000.0,NJ,Parsippany,40.8578772,-74.4259865,0,0,0,0,0,0,0,0,0,0,0,0,45000.0,45000.0
251,Selby Jennings,Senior Quantitative Analyst - Credit Risk,"A Top Tier Investment Bank is looking for an experienced risk quant to join their Global Analytics team. If you are interested, please apply below with an...",120000.0,NY,New York,40.7305991,-73.9865811,1,1,0,0,0,0,0,0,0,1,0,0,130714.9375,124069.986111
252,Averity,Lead Data Scientist (New Jersey),"Your work will be focused on predictive and prescriptive analytics, with a strong emphasis on model building and machine learning....",150000.0,NY,New York,40.7305991,-73.9865811,1,0,0,0,1,0,0,0,0,0,0,0,130714.9375,124069.986111
253,POLICE DEPARTMENT,"CITY RESEARCH SCIENTIST, LEVEL II","Extensive knowledge of applied statistics, analytics, machine learning, data science or big data tools. For Assignment Level I (only physical, biological and...",76941.5,NY,New York,40.7305991,-73.9865811,0,0,0,0,0,0,1,0,0,0,0,0,130714.9375,124069.986111
254,DEPT OF HEALTH/MENTAL HYGIENE,"City Research Scientist, Bureau of the Public Health Laborat...","The New York City Department of Health and Mental Hygiene (NYC DOHMH) Public Health Laboratory (PHL) is seeking to hire a qualified City Research Scientist II,...",76941.5,NY,Manhattan,40.7902778,-73.9597221,0,0,0,0,0,0,0,0,0,0,0,0,70910.375,124069.986111
255,StreetID,Quantitative Analyst,"Several hires over the past two years have been from Google and Facebook’s analytics teams as they left to join a smaller firm, where results are in real time...",120000.0,NY,New York,40.7305991,-73.9865811,1,0,0,0,0,0,0,0,0,1,0,0,130714.9375,124069.986111
256,Averity,Senior Data Scientist,"Our data science needs are growing quickly, and we are looking to bring on experienced, smart data scientists excited about machine learning and business-minded...",150000.0,NY,New York,40.7305991,-73.9865811,1,1,0,0,0,0,0,0,0,0,0,0,130714.9375,124069.986111
257,Smith Arnold Partners,Research Analyst,The Research Analyst will manage all aspects of the custom research process from brainstorming to presentations for a variety of industries and clients....,57500.0,NY,New York,40.7305991,-73.9865811,0,0,0,0,0,0,0,0,0,1,0,0,130714.9375,124069.986111
258,Animalz,Research Analyst,"To apply, please send us an email with [Research Analyst] in the subject. Copyedit articles before we send them to the customer (you will be the final eyes)....",40000.0,NY,New York,40.7305991,-73.9865811,0,0,0,0,0,0,0,0,0,1,0,0,130714.9375,124069.986111
259,The University of Texas Medical Branch,Sr. BI Analyst/Data Scientist,"BI Analyst/Data Scientist - Clinical Data Management (Galveston). Continuously research new data mining, machine learning, and analysis techniques....",87048.0,TX,Galveston,29.299328,-94.7945881,0,0,0,0,0,0,0,0,0,1,0,1,67716.0,90560.4210526
260,Smith Arnold Partners,Research Analyst,The Research Analyst will manage all aspects of the custom research process from brainstorming to presentations for a variety of industries and clients....,57500.0,TX,Austin,30.2711286,-97.7436994,0,0,0,0,0,0,0,0,0,1,0,0,114166.666667,90560.4210526
261,All-In Analytics,Senior Machine Learning Data Scientist,"Machine Learning Data Scientist. Proficient in programming languages such as R, SAS, Python, Matlab, SQL etc....",150000.0,TX,Austin,30.2711286,-97.7436994,1,1,0,0,0,0,0,0,0,0,0,0,114166.666667,90560.4210526
262,Baylor College of Medicine,Sr. Bioinformatics Programmer,3 years’ experience in scientific programming with applications to genome research or a Master’s degree in Computer Science or Biological Sciences and 1 year of...,80500.0,TX,Houston,29.7589382,-95.3676973,0,0,0,0,0,0,0,0,0,0,0,0,97500.0,90560.4210526
263,Baylor College of Medicine,Lead Bioinformatics Programmer,"PM, LIMS, QC, IT, Clinical feature requests. In this role, the Lead Programmer will work with internal and external collaborators to support the publication and...",92500.0,TX,Houston,29.7589382,-95.3676973,1,0,0,0,1,0,0,0,0,0,0,0,97500.0,90560.4210526
264,SearchAccountingJobs,Quantitative Risk Analyst,"Lead the review and care of relevant model and model validation documentation, complete in depth analysis on large data sets, and formulate analysis and reports...",177500.0,TX,Houston,29.7589382,-95.3676973,1,0,0,0,0,0,0,0,0,1,0,0,97500.0,90560.4210526
265,The University of Texas Medical Branch,Medical Lab Scientist,"Medical Laboratory Scientist, Laboratory Services provides technical skills necessary to perform and report moderate or highly complex laboratory tests within a...",67000.0,TX,Galveston,29.299328,-94.7945881,0,0,0,0,0,0,0,0,0,0,0,0,67716.0,90560.4210526
266,NextStep Recruiting,Pricing and Quantitative Analyst,"NextStep Recruiting is working with a rapidly growing mortgage organization in Irving, TX who requires an experienced pricing analyst, well-versed in developing...",85000.0,TX,Irving,32.8629195,-96.9791701655,0,0,0,0,0,0,0,0,0,1,0,0,85000.0,90560.4210526
267,The University of Texas Medical Branch,Research Contracts Analyst,"Services are provided throughout Research Services by Sponsored Programs, Research Education, Research Compliance and Reporting, Research Subject Protections,...",49100.0,TX,Galveston,29.299328,-94.7945881,0,0,0,0,0,0,0,0,0,1,0,0,67716.0,90560.4210526
268,All-In Analytics,Senior Marketing Data Scientist,"Senior Marketing Data Scientist. Working knowledge of applications such as R, SAS, SQL, Google Analytics, Tableau or Qlik, Alteryx, and Microsoft Access and...",90000.0,TX,Dallas,32.7762719,-96.7968558,0,1,0,0,0,0,0,0,0,0,0,0,112500.0,90560.4210526
269,Baylor College of Medicine,Research Financial Analyst II,"Using data from Principal Investigators and study coordinators, this position determines whether proposed clinical projects are a qualifying clinical trial as...",65000.0,TX,Houston,29.7589382,-95.3676973,0,0,0,0,0,0,1,0,0,1,0,0,97500.0,90560.4210526
270,Southwest Texas Regional Advisory Council,Registry & Field Applications Specialist,The Clinical Informatics Registry/Field Applications Specialist is a professional possessing the in-depth knowledge and experience to aid in oversight of all...,30000.0,TX,San Antonio,29.4246002,-98.4951404,0,0,0,0,0,0,0,0,0,0,0,0,30000.0,90560.4210526
271,Altair Engineering,Design Validation Engineer,"Altair ProductDesign is a global, multi-disciplinary product development consultancy of more than 700 designers, engineers, scientists, and creative thinkers....",105000.0,TX,Gainesville,29.6519396,-82.324996,1,0,0,0,0,0,0,0,0,0,0,0,75833.3333333,90560.4210526
272,Selby Jennings,Catastrophe Risk Analyst - Quantitative,"Product design, structuring and pricing, portfolio analytics and origination. This is an urgent hire that will offer an above market rate salary, full...",97500.0,TX,Dallas,32.7762719,-96.7968558,1,0,0,0,0,0,0,0,0,1,0,0,112500.0,90560.4210526
273,Baylor College of Medicine,Senior Research Policy Analyst,"Five years experience in biomedical research compliance, research, patient relations, health care, medical/academic setting, or communications....",72000.0,TX,Houston,29.7589382,-95.3676973,0,1,0,0,0,0,0,0,0,1,0,0,97500.0,90560.4210526
274,Volt Workforce Solutions,Machine Learning Engineer,"Deep understanding and practical experience with machine learning algorithms for. Data mining competition experience preferred (Kaggle, KDDCUP, etc)....",135000.0,TX,Austin,30.2711286,-97.7436994,1,0,0,0,0,0,0,0,0,0,0,0,114166.666667,90560.4210526
